{
  "train": {
    "R2": 0.981326,
    "RMSE": 0.053792,
    "MAE": 0.036422
  },
  "test": {
    "R2": 0.834988,
    "RMSE": 0.171040,
    "MAE": 0.105156
  }
}